vendor_source	archives_naming_it	category	prototypes_recovered	generated_header
services/anc_spp_tool/anc_parse_data.c	1	BES		
services/anc_spp_tool/anc_prod_test.c	1	BES		
services/ble_stack/ble_ip/besble.c	1	BES		
services/ble_stack/ble_ip/rwip.c	1	BES		
services/ble_stack/common/src/co_list.c	1	BES		
services/ble_stack/common/src/co_utils.c	1	BES		
services/ble_stack/hci/src/hci.c	1	BES		
services/ble_stack/hci/src/hci_fc.c	1	BES		
services/ble_stack/hci/src/hci_msg.c	1	BES		
services/ble_stack/hci/src/hci_tl.c	1	BES		
services/ble_stack/hl/src/gap/gapc/gapc.c	1	BES		
services/ble_stack/hl/src/gap/gapc/gapc_hci.c	1	BES		
services/ble_stack/hl/src/gap/gapc/gapc_sig.c	1	BES		
services/ble_stack/hl/src/gap/gapc/gapc_task.c	1	BES		
services/ble_stack/hl/src/gap/gapm/gapm.c	1	BES		
services/ble_stack/hl/src/gap/gapm/gapm_actv.c	1	BES		
services/ble_stack/hl/src/gap/gapm/gapm_adv.c	1	BES		
services/ble_stack/hl/src/gap/gapm/gapm_cfg.c	1	BES		
services/ble_stack/hl/src/gap/gapm/gapm_init.c	1	BES		
services/ble_stack/hl/src/gap/gapm/gapm_leg_air.c	1	BES		
services/ble_stack/hl/src/gap/gapm/gapm_list.c	1	BES		
services/ble_stack/hl/src/gap/gapm/gapm_per_sync.c	1	BES		
services/ble_stack/hl/src/gap/gapm/gapm_scan.c	1	BES		
services/ble_stack/hl/src/gap/gapm/gapm_smp.c	1	BES		
services/ble_stack/hl/src/gap/gapm/gapm_task.c	1	BES		
services/ble_stack/hl/src/gap/smpc/smpc.c	1	BES		
services/ble_stack/hl/src/gap/smpc/smpc_api.c	1	BES		
services/ble_stack/hl/src/gap/smpc/smpc_crypto.c	1	BES		
services/ble_stack/hl/src/gap/smpc/smpc_util.c	1	BES		
services/ble_stack/hl/src/gatt/attc/attc.c	1	BES		
services/ble_stack/hl/src/gatt/attm/attm.c	1	BES		
services/ble_stack/hl/src/gatt/attm/attm_db.c	1	BES		
services/ble_stack/hl/src/gatt/atts/atts.c	1	BES		
services/ble_stack/hl/src/gatt/gattc/gattc.c	1	BES		
services/ble_stack/hl/src/gatt/gattc/gattc_task.c	1	BES		
services/ble_stack/hl/src/gatt/gattm/gattm.c	1	BES		
services/ble_stack/hl/src/gatt/gattm/gattm_task.c	1	BES		
services/ble_stack/hl/src/l2c/l2cc/l2cc.c	1	BES		
services/ble_stack/hl/src/l2c/l2cc/l2cc_lecb.c	1	BES		
services/ble_stack/hl/src/l2c/l2cc/l2cc_pdu.c	1	BES		
services/ble_stack/hl/src/l2c/l2cc/l2cc_sig.c	1	BES		
services/ble_stack/hl/src/l2c/l2cc/l2cc_task.c	1	BES		
services/ble_stack/hl/src/l2c/l2cm/l2cm.c	1	BES		
services/ble_stack/hl/src/rwble_hl/rwble_hl.c	1	BES		
services/ble_stack/ke/src/ke.c	1	BES		
services/ble_stack/ke/src/ke_event.c	1	BES		
services/ble_stack/ke/src/ke_mem.c	1	BES		
services/ble_stack/ke/src/ke_msg.c	1	BES		
services/ble_stack/ke/src/ke_queue.c	1	BES		
services/ble_stack/ke/src/ke_task.c	1	BES		
services/ble_stack/ke/src/ke_timer.c	1	BES		
services/ble_stack/util/besble_debug.c	1	BES		
services/bridge/bridge_v2.c	1	BES		
services/bt_if_enhanced/a2dp/a2dp_api.c	2	BES		
services/bt_if_enhanced/avrcp/avrcp_api.c	2	BES		
services/bt_if_enhanced/besaud/besaud_api.c	2	BES		
services/bt_if_enhanced/bt_if.c	2	BES		
services/bt_if_enhanced/bt_status_conv.c	2	BES		
services/bt_if_enhanced/conmgr/cmgr_api.c	2	BES		
services/bt_if_enhanced/dip/dip_api.c	2	BES		
services/bt_if_enhanced/hci/hci_api.c	2	BES		
services/bt_if_enhanced/hfp/hfp_api.c	2	BES		
services/bt_if_enhanced/hid/hid_api.c	2	BES		
services/bt_if_enhanced/l2cap/l2cap_api.c	2	BES		
services/bt_if_enhanced/map/map_api.c	2	BES		
services/bt_if_enhanced/me/me_api.c	2	BES		
services/bt_if_enhanced/me/utils.c	2	BES		
services/bt_if_enhanced/os/os_api.c	2	BES		
services/bt_if_enhanced/rfcomm/rfcomm_api.c	2	BES		
services/bt_if_enhanced/sdp/sdp_api.c	2	BES		
services/bt_if_enhanced/spp/spp_api.c	2	BES		
services/bt_if_enhanced/spp/spp_task.c	2	BES		
services/bt_if_enhanced/sync/bt_xtal_sync.c	2	BES		
services/bt_profiles_enhanced/besport/bes_os.c	2	BES		
services/bt_profiles_enhanced/common/co_printf.c	2	BES		
services/bt_profiles_enhanced/common/co_queue.c	2	BES		
services/bt_profiles_enhanced/common/co_timer.c	2	BES		
services/bt_profiles_enhanced/hci/hci.c	2	BES		
services/bt_profiles_enhanced/hci/hci_buff.c	2	BES		
services/bt_profiles_enhanced/lib_proc/cobuf.c	2	BES		
services/bt_profiles_enhanced/main/bt_schedule.c	2	BES		
services/bt_profiles_enhanced/protocols/a2dp/a2dp.c	2	BES		
services/bt_profiles_enhanced/protocols/avctp/avctp.c	2	BES		
services/bt_profiles_enhanced/protocols/avrcp/avrcp.c	2	BES		
services/bt_profiles_enhanced/protocols/besaud/besaud.c	2	BES		
services/bt_profiles_enhanced/protocols/besaud/besaudalloc.c	2	BES		
services/bt_profiles_enhanced/protocols/besaud/besaudcon.c	2	BES		
services/bt_profiles_enhanced/protocols/btgatt/btgatt.c	2	BES		
services/bt_profiles_enhanced/protocols/btm/btm.c	2	BES		
services/bt_profiles_enhanced/protocols/btm/btm_devicedb.c	2	BES		
services/bt_profiles_enhanced/protocols/btm/btm_fast_init.c	2	BES		
services/bt_profiles_enhanced/protocols/btm/btm_handle_hcievent.c	2	BES		
services/bt_profiles_enhanced/protocols/btm/btm_sco_interface.c	2	BES		
services/bt_profiles_enhanced/protocols/btm/btm_security.c	2	BES		
services/bt_profiles_enhanced/protocols/dip/dip.c	2	BES		
services/bt_profiles_enhanced/protocols/gavdp/avdtp.c	2	BES		
services/bt_profiles_enhanced/protocols/hid/hid.c	2	BES		
services/bt_profiles_enhanced/protocols/hshf/connect.c	2	BES		
services/bt_profiles_enhanced/protocols/hshf/hfp.c	2	BES		
services/bt_profiles_enhanced/protocols/hshf/hshf.c	2	BES		
services/bt_profiles_enhanced/protocols/hshf/hsp.c	2	BES		
services/bt_profiles_enhanced/protocols/l2cap/l2cap.c	2	BES		
services/bt_profiles_enhanced/protocols/l2cap/l2cap_er.c	2	BES		
services/bt_profiles_enhanced/protocols/map/map_protocol.c	2	BES		
services/bt_profiles_enhanced/protocols/map/map_sdp.c	2	BES		
services/bt_profiles_enhanced/protocols/map/map_session.c	2	BES		
services/bt_profiles_enhanced/protocols/misc/bt_common.c	2	BES		
services/bt_profiles_enhanced/protocols/misc/co_lib.c	2	BES		
services/bt_profiles_enhanced/protocols/misc/co_ppbuff.c	2	BES		
services/bt_profiles_enhanced/protocols/obex/obex_ascii_unicode.c	2	BES		
services/bt_profiles_enhanced/protocols/obex/obex_session.c	2	BES		
services/bt_profiles_enhanced/protocols/obex/obex_tlv.c	2	BES		
services/bt_profiles_enhanced/protocols/obex/obex_transmission.c	2	BES		
services/bt_profiles_enhanced/protocols/obex/obex_transportlayer.c	2	BES		
services/bt_profiles_enhanced/protocols/pbap/md5.c	2	BES		
services/bt_profiles_enhanced/protocols/pbap/obex.c	2	BES		
services/bt_profiles_enhanced/protocols/pbap/pbap.c	2	BES		
services/bt_profiles_enhanced/protocols/rfcomm/rfcomm.c	2	BES		
services/bt_profiles_enhanced/protocols/sco/sco.c	2	BES		
services/bt_profiles_enhanced/protocols/sdp/sdp.c	2	BES		
services/bt_profiles_enhanced/protocols/spp/sppnew.c	2	BES		
services/ibrt_core/src/app_ibrt_bt_profile_sync.c	4	BES		
services/ibrt_core/src/app_tws_besaud.c	4	BES		
services/ibrt_core/src/app_tws_ctrl_thread.c	4	BES		
services/ibrt_core/src/app_tws_ibrt.c	4	BES		
services/ibrt_core/src/app_tws_ibrt_audio_analysis.c	4	BES		
services/ibrt_core/src/app_tws_ibrt_audio_sync.c	4	BES		
services/ibrt_core/src/app_tws_ibrt_cmd_handler.c	4	BES		
services/ibrt_core/src/app_tws_ibrt_mock.c	4	BES		
services/ibrt_core/src/app_tws_ibrt_queue.c	4	BES		
services/ibrt_core/src/app_tws_ibrt_trace.c	4	BES		
services/ibrt_core/src/app_tws_profile_sync.c	4	BES		
services/ibrt_core/src/app_vendor_cmd_evt.c	4	BES		
services/ibrt_ota/src/ota_bes.c	2	BES		
services/ibrt_ota/src/ota_control.c	2	BES		
services/ibrt_ota/src/ota_spp.c	2	BES		
services/ibrt_ui/src/app_ibrt_ui.c	2	BES		
services/multimedia/algorithm/fft/src/fft128dot.c	2	BES		
services/multimedia/audio/codec/fdkaac_codec_2_0_1/libAACdec/src/FDK_delay.c	2	third-party		
services/multimedia/audio/codec/fdkaac_codec_2_0_1/libAACdec/src/aac_ram.c	2	third-party		
services/multimedia/audio/codec/fdkaac_codec_2_0_1/libAACdec/src/aac_rom.c	2	third-party		
services/multimedia/audio/codec/fdkaac_codec_2_0_1/libAACdec/src/aacdec_drc.c	2	third-party		
services/multimedia/audio/codec/fdkaac_codec_2_0_1/libAACdec/src/aacdec_hcr.c	2	third-party		
services/multimedia/audio/codec/fdkaac_codec_2_0_1/libAACdec/src/aacdec_hcr_bit.c	2	third-party		
services/multimedia/audio/codec/fdkaac_codec_2_0_1/libAACdec/src/aacdec_hcrs.c	2	third-party		
services/multimedia/audio/codec/fdkaac_codec_2_0_1/libAACdec/src/aacdec_pns.c	2	third-party		
services/multimedia/audio/codec/fdkaac_codec_2_0_1/libAACdec/src/aacdec_tns.c	2	third-party		
services/multimedia/audio/codec/fdkaac_codec_2_0_1/libAACdec/src/aacdecoder.c	2	third-party		
services/multimedia/audio/codec/fdkaac_codec_2_0_1/libAACdec/src/aacdecoder_lib.c	2	third-party		
services/multimedia/audio/codec/fdkaac_codec_2_0_1/libAACdec/src/block.c	2	third-party		
services/multimedia/audio/codec/fdkaac_codec_2_0_1/libAACdec/src/channel.c	2	third-party		
services/multimedia/audio/codec/fdkaac_codec_2_0_1/libAACdec/src/channelinfo.c	2	third-party		
services/multimedia/audio/codec/fdkaac_codec_2_0_1/libAACdec/src/conceal.c	2	third-party		
services/multimedia/audio/codec/fdkaac_codec_2_0_1/libAACdec/src/ldfiltbank.c	2	third-party		
services/multimedia/audio/codec/fdkaac_codec_2_0_1/libAACdec/src/pulsedata.c	2	third-party		
services/multimedia/audio/codec/fdkaac_codec_2_0_1/libAACdec/src/rvlc.c	2	third-party		
services/multimedia/audio/codec/fdkaac_codec_2_0_1/libAACdec/src/rvlcbit.c	2	third-party		
services/multimedia/audio/codec/fdkaac_codec_2_0_1/libAACdec/src/rvlcconceal.c	2	third-party		
services/multimedia/audio/codec/fdkaac_codec_2_0_1/libAACdec/src/stereo.c	2	third-party		
services/multimedia/audio/codec/fdkaac_codec_2_0_1/libAACdec/src/usacdec_ace_d4t64.c	2	third-party		
services/multimedia/audio/codec/fdkaac_codec_2_0_1/libAACdec/src/usacdec_ace_ltp.c	2	third-party		
services/multimedia/audio/codec/fdkaac_codec_2_0_1/libAACdec/src/usacdec_acelp.c	2	third-party		
services/multimedia/audio/codec/fdkaac_codec_2_0_1/libAACdec/src/usacdec_fac.c	2	third-party		
services/multimedia/audio/codec/fdkaac_codec_2_0_1/libAACdec/src/usacdec_lpc.c	2	third-party		
services/multimedia/audio/codec/fdkaac_codec_2_0_1/libAACdec/src/usacdec_lpd.c	2	third-party		
services/multimedia/audio/codec/fdkaac_codec_2_0_1/libAACdec/src/usacdec_rom.c	2	third-party		
services/multimedia/audio/codec/fdkaac_codec_2_0_1/libAACenc/src/aacEnc_ram.c	2	third-party		
services/multimedia/audio/codec/fdkaac_codec_2_0_1/libAACenc/src/aacEnc_rom.c	2	third-party		
services/multimedia/audio/codec/fdkaac_codec_2_0_1/libAACenc/src/aacenc.c	2	third-party		
services/multimedia/audio/codec/fdkaac_codec_2_0_1/libAACenc/src/aacenc_lib.c	2	third-party		
services/multimedia/audio/codec/fdkaac_codec_2_0_1/libAACenc/src/aacenc_pns.c	2	third-party		
services/multimedia/audio/codec/fdkaac_codec_2_0_1/libAACenc/src/aacenc_tns.c	2	third-party		
services/multimedia/audio/codec/fdkaac_codec_2_0_1/libAACenc/src/adj_thr.c	2	third-party		
services/multimedia/audio/codec/fdkaac_codec_2_0_1/libAACenc/src/band_nrg.c	2	third-party		
services/multimedia/audio/codec/fdkaac_codec_2_0_1/libAACenc/src/bandwidth.c	2	third-party		
services/multimedia/audio/codec/fdkaac_codec_2_0_1/libAACenc/src/bit_cnt.c	2	third-party		
services/multimedia/audio/codec/fdkaac_codec_2_0_1/libAACenc/src/bitenc.c	2	third-party		
services/multimedia/audio/codec/fdkaac_codec_2_0_1/libAACenc/src/block_switch.c	2	third-party		
services/multimedia/audio/codec/fdkaac_codec_2_0_1/libAACenc/src/channel_map.c	2	third-party		
services/multimedia/audio/codec/fdkaac_codec_2_0_1/libAACenc/src/chaosmeasure.c	2	third-party		
services/multimedia/audio/codec/fdkaac_codec_2_0_1/libAACenc/src/dyn_bits.c	2	third-party		
services/multimedia/audio/codec/fdkaac_codec_2_0_1/libAACenc/src/grp_data.c	2	third-party		
services/multimedia/audio/codec/fdkaac_codec_2_0_1/libAACenc/src/intensity.c	2	third-party		
services/multimedia/audio/codec/fdkaac_codec_2_0_1/libAACenc/src/line_pe.c	2	third-party		
services/multimedia/audio/codec/fdkaac_codec_2_0_1/libAACenc/src/metadata_compressor.c	2	third-party		
services/multimedia/audio/codec/fdkaac_codec_2_0_1/libAACenc/src/metadata_main.c	2	third-party		
services/multimedia/audio/codec/fdkaac_codec_2_0_1/libAACenc/src/mps_main.c	2	third-party		
services/multimedia/audio/codec/fdkaac_codec_2_0_1/libAACenc/src/ms_stereo.c	2	third-party		
services/multimedia/audio/codec/fdkaac_codec_2_0_1/libAACenc/src/noisedet.c	2	third-party		
services/multimedia/audio/codec/fdkaac_codec_2_0_1/libAACenc/src/pnsparam.c	2	third-party		
services/multimedia/audio/codec/fdkaac_codec_2_0_1/libAACenc/src/pre_echo_control.c	2	third-party		
services/multimedia/audio/codec/fdkaac_codec_2_0_1/libAACenc/src/psy_configuration.c	2	third-party		
services/multimedia/audio/codec/fdkaac_codec_2_0_1/libAACenc/src/psy_main.c	2	third-party		
services/multimedia/audio/codec/fdkaac_codec_2_0_1/libAACenc/src/qc_main.c	2	third-party		
services/multimedia/audio/codec/fdkaac_codec_2_0_1/libAACenc/src/quantize.c	2	third-party		
services/multimedia/audio/codec/fdkaac_codec_2_0_1/libAACenc/src/sf_estim.c	2	third-party		
services/multimedia/audio/codec/fdkaac_codec_2_0_1/libAACenc/src/spreading.c	2	third-party		
services/multimedia/audio/codec/fdkaac_codec_2_0_1/libAACenc/src/tonality.c	2	third-party		
services/multimedia/audio/codec/fdkaac_codec_2_0_1/libAACenc/src/transform.c	2	third-party		
services/multimedia/audio/codec/fdkaac_codec_2_0_1/libArithCoding/src/ac_arith_coder.c	2	third-party		
services/multimedia/audio/codec/fdkaac_codec_2_0_1/libDRCdec/src/FDK_drcDecLib.c	2	third-party		
services/multimedia/audio/codec/fdkaac_codec_2_0_1/libDRCdec/src/drcDec_gainDecoder.c	2	third-party		
services/multimedia/audio/codec/fdkaac_codec_2_0_1/libDRCdec/src/drcDec_reader.c	2	third-party		
services/multimedia/audio/codec/fdkaac_codec_2_0_1/libDRCdec/src/drcDec_rom.c	2	third-party		
services/multimedia/audio/codec/fdkaac_codec_2_0_1/libDRCdec/src/drcDec_selectionProcess.c	2	third-party		
services/multimedia/audio/codec/fdkaac_codec_2_0_1/libDRCdec/src/drcDec_tools.c	2	third-party		
services/multimedia/audio/codec/fdkaac_codec_2_0_1/libDRCdec/src/drcGainDec_init.c	2	third-party		
services/multimedia/audio/codec/fdkaac_codec_2_0_1/libDRCdec/src/drcGainDec_preprocess.c	2	third-party		
services/multimedia/audio/codec/fdkaac_codec_2_0_1/libDRCdec/src/drcGainDec_process.c	2	third-party		
services/multimedia/audio/codec/fdkaac_codec_2_0_1/libFDK/src/FDK_bitbuffer.c	2	third-party		
services/multimedia/audio/codec/fdkaac_codec_2_0_1/libFDK/src/FDK_core.c	2	third-party		
services/multimedia/audio/codec/fdkaac_codec_2_0_1/libFDK/src/FDK_crc.c	2	third-party		
services/multimedia/audio/codec/fdkaac_codec_2_0_1/libFDK/src/FDK_decorrelate.c	2	third-party		
services/multimedia/audio/codec/fdkaac_codec_2_0_1/libFDK/src/FDK_hybrid.c	2	third-party		
services/multimedia/audio/codec/fdkaac_codec_2_0_1/libFDK/src/FDK_lpc.c	2	third-party		
services/multimedia/audio/codec/fdkaac_codec_2_0_1/libFDK/src/FDK_matrixCalloc.c	2	third-party		
services/multimedia/audio/codec/fdkaac_codec_2_0_1/libFDK/src/FDK_qmf_domain.c	2	third-party		
services/multimedia/audio/codec/fdkaac_codec_2_0_1/libFDK/src/FDK_tools_rom.c	2	third-party		
services/multimedia/audio/codec/fdkaac_codec_2_0_1/libFDK/src/FDK_trigFcts.c	2	third-party		
services/multimedia/audio/codec/fdkaac_codec_2_0_1/libFDK/src/autocorr2nd.c	2	third-party		
services/multimedia/audio/codec/fdkaac_codec_2_0_1/libFDK/src/dct.c	2	third-party		
services/multimedia/audio/codec/fdkaac_codec_2_0_1/libFDK/src/fft.c	2	third-party		
services/multimedia/audio/codec/fdkaac_codec_2_0_1/libFDK/src/fft_rad2.c	2	third-party		
services/multimedia/audio/codec/fdkaac_codec_2_0_1/libFDK/src/fixpoint_math.c	2	third-party		
services/multimedia/audio/codec/fdkaac_codec_2_0_1/libFDK/src/huff_nodes.c	2	third-party		
services/multimedia/audio/codec/fdkaac_codec_2_0_1/libFDK/src/mdct.c	2	third-party		
services/multimedia/audio/codec/fdkaac_codec_2_0_1/libFDK/src/nlc_dec.c	2	third-party		
services/multimedia/audio/codec/fdkaac_codec_2_0_1/libFDK/src/qmf.c	2	third-party		
services/multimedia/audio/codec/fdkaac_codec_2_0_1/libFDK/src/scale.c	2	third-party		
services/multimedia/audio/codec/fdkaac_codec_2_0_1/libMpegTPDec/src/tpdec_adif.c	2	third-party		
services/multimedia/audio/codec/fdkaac_codec_2_0_1/libMpegTPDec/src/tpdec_adts.c	2	third-party		
services/multimedia/audio/codec/fdkaac_codec_2_0_1/libMpegTPDec/src/tpdec_asc.c	2	third-party		
services/multimedia/audio/codec/fdkaac_codec_2_0_1/libMpegTPDec/src/tpdec_drm.c	2	third-party		
services/multimedia/audio/codec/fdkaac_codec_2_0_1/libMpegTPDec/src/tpdec_latm.c	2	third-party		
services/multimedia/audio/codec/fdkaac_codec_2_0_1/libMpegTPDec/src/tpdec_lib.c	2	third-party		
services/multimedia/audio/codec/fdkaac_codec_2_0_1/libMpegTPEnc/src/tpenc_adif.c	2	third-party		
services/multimedia/audio/codec/fdkaac_codec_2_0_1/libMpegTPEnc/src/tpenc_adts.c	2	third-party		
services/multimedia/audio/codec/fdkaac_codec_2_0_1/libMpegTPEnc/src/tpenc_asc.c	2	third-party		
services/multimedia/audio/codec/fdkaac_codec_2_0_1/libMpegTPEnc/src/tpenc_latm.c	2	third-party		
services/multimedia/audio/codec/fdkaac_codec_2_0_1/libMpegTPEnc/src/tpenc_lib.c	2	third-party		
services/multimedia/audio/codec/fdkaac_codec_2_0_1/libPCMutils/src/limiter.c	2	third-party		
services/multimedia/audio/codec/fdkaac_codec_2_0_1/libPCMutils/src/pcm_utils.c	2	third-party		
services/multimedia/audio/codec/fdkaac_codec_2_0_1/libPCMutils/src/pcmdmx_lib.c	2	third-party		
services/multimedia/audio/codec/fdkaac_codec_2_0_1/libSACdec/src/sac_bitdec.c	2	third-party		
services/multimedia/audio/codec/fdkaac_codec_2_0_1/libSACdec/src/sac_calcM1andM2.c	2	third-party		
services/multimedia/audio/codec/fdkaac_codec_2_0_1/libSACdec/src/sac_dec.c	2	third-party		
services/multimedia/audio/codec/fdkaac_codec_2_0_1/libSACdec/src/sac_dec_conceal.c	2	third-party		
services/multimedia/audio/codec/fdkaac_codec_2_0_1/libSACdec/src/sac_dec_lib.c	2	third-party		
services/multimedia/audio/codec/fdkaac_codec_2_0_1/libSACdec/src/sac_process.c	2	third-party		
services/multimedia/audio/codec/fdkaac_codec_2_0_1/libSACdec/src/sac_qmf.c	2	third-party		
services/multimedia/audio/codec/fdkaac_codec_2_0_1/libSACdec/src/sac_reshapeBBEnv.c	2	third-party		
services/multimedia/audio/codec/fdkaac_codec_2_0_1/libSACdec/src/sac_rom.c	2	third-party		
services/multimedia/audio/codec/fdkaac_codec_2_0_1/libSACdec/src/sac_smoothing.c	2	third-party		
services/multimedia/audio/codec/fdkaac_codec_2_0_1/libSACdec/src/sac_stp.c	2	third-party		
services/multimedia/audio/codec/fdkaac_codec_2_0_1/libSACdec/src/sac_tsd.c	2	third-party		
services/multimedia/audio/codec/fdkaac_codec_2_0_1/libSACenc/src/sacenc_bitstream.c	2	third-party		
services/multimedia/audio/codec/fdkaac_codec_2_0_1/libSACenc/src/sacenc_delay.c	2	third-party		
services/multimedia/audio/codec/fdkaac_codec_2_0_1/libSACenc/src/sacenc_dmx_tdom_enh.c	2	third-party		
services/multimedia/audio/codec/fdkaac_codec_2_0_1/libSACenc/src/sacenc_filter.c	2	third-party		
services/multimedia/audio/codec/fdkaac_codec_2_0_1/libSACenc/src/sacenc_framewindowing.c	2	third-party		
services/multimedia/audio/codec/fdkaac_codec_2_0_1/libSACenc/src/sacenc_huff_tab.c	2	third-party		
services/multimedia/audio/codec/fdkaac_codec_2_0_1/libSACenc/src/sacenc_lib.c	2	third-party		
services/multimedia/audio/codec/fdkaac_codec_2_0_1/libSACenc/src/sacenc_nlc_enc.c	2	third-party		
services/multimedia/audio/codec/fdkaac_codec_2_0_1/libSACenc/src/sacenc_onsetdetect.c	2	third-party		
services/multimedia/audio/codec/fdkaac_codec_2_0_1/libSACenc/src/sacenc_paramextract.c	2	third-party		
services/multimedia/audio/codec/fdkaac_codec_2_0_1/libSACenc/src/sacenc_staticgain.c	2	third-party		
services/multimedia/audio/codec/fdkaac_codec_2_0_1/libSACenc/src/sacenc_tree.c	2	third-party		
services/multimedia/audio/codec/fdkaac_codec_2_0_1/libSACenc/src/sacenc_vectorfunctions.c	2	third-party		
services/multimedia/audio/codec/fdkaac_codec_2_0_1/libSBRdec/src/HFgen_preFlat.c	2	third-party		
services/multimedia/audio/codec/fdkaac_codec_2_0_1/libSBRdec/src/env_calc.c	2	third-party		
services/multimedia/audio/codec/fdkaac_codec_2_0_1/libSBRdec/src/env_dec.c	2	third-party		
services/multimedia/audio/codec/fdkaac_codec_2_0_1/libSBRdec/src/env_extr.c	2	third-party		
services/multimedia/audio/codec/fdkaac_codec_2_0_1/libSBRdec/src/hbe.c	2	third-party		
services/multimedia/audio/codec/fdkaac_codec_2_0_1/libSBRdec/src/huff_dec.c	2	third-party		
services/multimedia/audio/codec/fdkaac_codec_2_0_1/libSBRdec/src/lpp_tran.c	2	third-party		
services/multimedia/audio/codec/fdkaac_codec_2_0_1/libSBRdec/src/psbitdec.c	2	third-party		
services/multimedia/audio/codec/fdkaac_codec_2_0_1/libSBRdec/src/psdec.c	2	third-party		
services/multimedia/audio/codec/fdkaac_codec_2_0_1/libSBRdec/src/psdec_drm.c	2	third-party		
services/multimedia/audio/codec/fdkaac_codec_2_0_1/libSBRdec/src/psdecrom_drm.c	2	third-party		
services/multimedia/audio/codec/fdkaac_codec_2_0_1/libSBRdec/src/pvc_dec.c	2	third-party		
services/multimedia/audio/codec/fdkaac_codec_2_0_1/libSBRdec/src/sbr_crc.c	2	third-party		
services/multimedia/audio/codec/fdkaac_codec_2_0_1/libSBRdec/src/sbr_deb.c	2	third-party		
services/multimedia/audio/codec/fdkaac_codec_2_0_1/libSBRdec/src/sbr_dec.c	2	third-party		
services/multimedia/audio/codec/fdkaac_codec_2_0_1/libSBRdec/src/sbr_ram.c	2	third-party		
services/multimedia/audio/codec/fdkaac_codec_2_0_1/libSBRdec/src/sbr_rom.c	2	third-party		
services/multimedia/audio/codec/fdkaac_codec_2_0_1/libSBRdec/src/sbrdec_drc.c	2	third-party		
services/multimedia/audio/codec/fdkaac_codec_2_0_1/libSBRdec/src/sbrdec_freq_sca.c	2	third-party		
services/multimedia/audio/codec/fdkaac_codec_2_0_1/libSBRdec/src/sbrdecoder.c	2	third-party		
services/multimedia/audio/codec/fdkaac_codec_2_0_1/libSBRenc/src/bit_sbr.c	2	third-party		
services/multimedia/audio/codec/fdkaac_codec_2_0_1/libSBRenc/src/code_env.c	2	third-party		
services/multimedia/audio/codec/fdkaac_codec_2_0_1/libSBRenc/src/env_bit.c	2	third-party		
services/multimedia/audio/codec/fdkaac_codec_2_0_1/libSBRenc/src/env_est.c	2	third-party		
services/multimedia/audio/codec/fdkaac_codec_2_0_1/libSBRenc/src/fram_gen.c	2	third-party		
services/multimedia/audio/codec/fdkaac_codec_2_0_1/libSBRenc/src/invf_est.c	2	third-party		
services/multimedia/audio/codec/fdkaac_codec_2_0_1/libSBRenc/src/mh_det.c	2	third-party		
services/multimedia/audio/codec/fdkaac_codec_2_0_1/libSBRenc/src/nf_est.c	2	third-party		
services/multimedia/audio/codec/fdkaac_codec_2_0_1/libSBRenc/src/ps_bitenc.c	2	third-party		
services/multimedia/audio/codec/fdkaac_codec_2_0_1/libSBRenc/src/ps_encode.c	2	third-party		
services/multimedia/audio/codec/fdkaac_codec_2_0_1/libSBRenc/src/ps_main.c	2	third-party		
services/multimedia/audio/codec/fdkaac_codec_2_0_1/libSBRenc/src/resampler.c	2	third-party		
services/multimedia/audio/codec/fdkaac_codec_2_0_1/libSBRenc/src/sbr_encoder.c	2	third-party		
services/multimedia/audio/codec/fdkaac_codec_2_0_1/libSBRenc/src/sbr_misc.c	2	third-party		
services/multimedia/audio/codec/fdkaac_codec_2_0_1/libSBRenc/src/sbrenc_freq_sca.c	2	third-party		
services/multimedia/audio/codec/fdkaac_codec_2_0_1/libSBRenc/src/sbrenc_ram.c	2	third-party		
services/multimedia/audio/codec/fdkaac_codec_2_0_1/libSBRenc/src/sbrenc_rom.c	2	third-party		
services/multimedia/audio/codec/fdkaac_codec_2_0_1/libSBRenc/src/ton_corr.c	2	third-party		
services/multimedia/audio/codec/fdkaac_codec_2_0_1/libSBRenc/src/tran_det.c	2	third-party		
services/multimedia/audio/codec/fdkaac_codec_2_0_1/libSYS/src/genericStds.c	2	third-party		
services/multimedia/audio/codec/fdkaac_codec_2_0_1/libSYS/src/syslib_channelMapDescr.c	2	third-party		
services/multimedia/audio/codec/sbc/src/codec_sbc.c	2	BES		
services/multimedia/audio/codec/sbc/src/sbc.c	2	BES		
services/multimedia/audio/codec/sbc/src/sbc_filter.c	2	BES		
services/multimedia/audio/process/adj_mc/src/adj_mc.c	2	BES	8	yes
services/multimedia/audio/process/adj_mc/src/fftfilt2.c	2	BES		
services/multimedia/audio/process/adp/src/adp_fftwrap.c	2	BES	4	
services/multimedia/audio/process/adp/src/adp_filter.c	2	BES		
services/multimedia/audio/process/adp/src/adp_smallft.c	2	BES		
services/multimedia/audio/process/anc/src/best2300p/anc_process_best2300p.c	2	BES	23	
services/multimedia/audio/process/common/src/audio_memory.c	2	BES		
services/multimedia/audio/process/common/src/audio_memory_simu.c	2	BES		
services/multimedia/audio/process/drc/src/crossover_filter.c	2	BES		
services/multimedia/audio/process/drc/src/data_compressor.c	2	BES		
services/multimedia/audio/process/drc/src/drc.c	2	BES		
services/multimedia/audio/process/filters/src/best2300p/dsd_process_best2300p.c	2	BES		
services/multimedia/audio/process/filters/src/best2300p/fir_process_best2300p.c	2	BES		
services/multimedia/audio/process/filters/src/best2300p/hw_codec_iir_process_best2300p.c	2	BES	8	
services/multimedia/audio/process/filters/src/best2300p/hw_iir_process_best2300p.c	2	BES	12	yes
services/multimedia/audio/process/filters/src/iir_process.c	2	BES		
services/multimedia/audio/process/fir2iir/src/fir2iir.c	2	BES	23	yes
services/multimedia/audio/process/floatlimiter/src/floatlimiter.c	2	BES		
services/multimedia/audio/process/integer_resampling/src/bes_fir_decimate_f32.c	2	BES		
services/multimedia/audio/process/integer_resampling/src/bes_fir_decimate_init_f32.c	2	BES		
services/multimedia/audio/process/integer_resampling/src/integer_resampling.c	2	BES		
services/multimedia/audio/process/integer_resampling/src/integer_resampling_item_cfg.c	2	BES		
services/multimedia/audio/process/integer_resampling/src/integer_resampling_test.c	2	BES		
services/multimedia/audio/process/limiter/src/limiter.c	2	BES		
services/multimedia/audio/process/resample/src/audio_resample.c	2	BES		
services/multimedia/audio/process/resample/src/audio_resample_ex.c	2	BES		
services/multimedia/audio/process/resample/src/audio_resample_ex_32bit.c	2	BES		
services/multimedia/speech/src/application/Pcm8kCvsd/Pcm8k_Cvsd.c	2	BES		
services/multimedia/speech/src/codec/codecs/adpcm/g711.c	2	BES		
services/multimedia/speech/src/codec/codecs/adpcm/g726.c	2	BES		
services/multimedia/speech/src/codec/codecs/adpcm/g726_16.c	2	BES		
services/multimedia/speech/src/codec/codecs/adpcm/g726_24.c	2	BES		
services/multimedia/speech/src/codec/codecs/adpcm/g726_32.c	2	BES		
services/multimedia/speech/src/codec/codecs/adpcm/g72x.c	2	BES		
services/multimedia/speech/src/codec/codecs/cvsd/cvsd_codec.c	2	BES		
services/multimedia/speech/src/process/SubbandAEC/SubBandBasedAEC.c	2	BES		
services/multimedia/speech/src/process/VoiceActivityDetection/VoiceActivityDetection.c	2	BES		
services/multimedia/speech/src/process/agc/agc.c	2	BES		
services/multimedia/speech/src/process/audio_drc2/audio_drc2.c	2	BES	13	
services/multimedia/speech/src/process/common/ae_common.c	2	BES		
services/multimedia/speech/src/process/common/ae_rand.c	2	BES		
services/multimedia/speech/src/process/common/armfirfilt.c	2	BES		
services/multimedia/speech/src/process/common/buffer_manager.c	2	BES		
services/multimedia/speech/src/process/common/cmsis_fftwrap.c	2	BES	4	yes
services/multimedia/speech/src/process/common/dspfns.c	2	BES		
services/multimedia/speech/src/process/common/exp_func_tables.c	2	BES		
services/multimedia/speech/src/process/common/fastmath_const.c	2	BES		
services/multimedia/speech/src/process/common/firfilt.c	2	BES		
services/multimedia/speech/src/process/common/fraction_delay.c	2	BES		
services/multimedia/speech/src/process/common/frame_resize.c	2	BES		
services/multimedia/speech/src/process/common/integer_delay.c	2	BES		
services/multimedia/speech/src/process/common/nextpow2.c	2	BES		
services/multimedia/speech/src/process/common/scale_int16.c	2	BES		
services/multimedia/speech/src/process/common/speech_conv.c	2	BES	1	
services/multimedia/speech/src/process/common/speech_memory_simu.c	2	BES	6	
services/multimedia/speech/src/process/common/speech_trans_buf.c	2	BES		
services/multimedia/speech/src/process/common/speech_win.c	2	BES	5	yes
services/multimedia/speech/src/process/compexp/compexp.c	2	BES		
services/multimedia/speech/src/process/crossfade/crossfade.c	2	BES		
services/multimedia/speech/src/process/dual_mic_denoise/dual_mic_denoise.c	2	BES	18	yes
services/multimedia/speech/src/process/ec2_float/coherence.c	2	BES		
services/multimedia/speech/src/process/ec2_float/echo_canceller.c	2	BES	7	
services/multimedia/speech/src/process/ec2_float/echo_suppression.c	2	BES		
services/multimedia/speech/src/process/ec2_float/lcmmse.c	2	BES		
services/multimedia/speech/src/process/ec2_float/logmmse.c	2	BES		
services/multimedia/speech/src/process/ec2_float/mdf1.c	2	BES		
services/multimedia/speech/src/process/ec2_float/mdf2.c	2	BES		
services/multimedia/speech/src/process/ec2_float/noise_generator.c	2	BES		
services/multimedia/speech/src/process/ec2_float/pink_noise_gen.c	2	BES		
services/multimedia/speech/src/process/ec2_float/white_noise_gen.c	2	BES		
services/multimedia/speech/src/process/far_field_speech_enhancement/far_field_speech_enhancement.c	2	BES	34	yes
services/multimedia/speech/src/process/iir_resample/iir_resample.c	2	BES	13	
services/multimedia/speech/src/process/lc_mmse_ns/cng.c	2	BES		
services/multimedia/speech/src/process/lc_mmse_ns/lc_mmse_ns.c	2	BES		
services/multimedia/speech/src/process/lc_mmse_ns/lc_mmse_ns_float.c	2	BES		
services/multimedia/speech/src/process/leftright_denoise/leftright_denoise.c	2	BES	7	yes
services/multimedia/speech/src/process/leftright_denoise/leftright_denoise_float.c	2	BES	5	yes
services/multimedia/speech/src/process/ns3/ns3.c	2	BES		
services/multimedia/speech/src/process/ns3/ns3f.c	2	BES		
services/multimedia/speech/src/process/ns_and_ec/buffer.c	2	BES		
services/multimedia/speech/src/process/ns_and_ec/fftwrap.c	2	BES	35	yes
services/multimedia/speech/src/process/ns_and_ec/filterbank.c	2	BES		
services/multimedia/speech/src/process/ns_and_ec/jitter.c	2	BES		
services/multimedia/speech/src/process/ns_and_ec/kiss_fft.c	2	BES	24	yes
services/multimedia/speech/src/process/ns_and_ec/kiss_fftr.c	2	BES	6	yes
services/multimedia/speech/src/process/ns_and_ec/mdf.c	2	BES		
services/multimedia/speech/src/process/ns_and_ec/preprocess.c	2	BES		
services/multimedia/speech/src/process/ns_and_ec/scal.c	2	BES		
services/multimedia/speech/src/process/ns_and_ec/smallft.c	2	BES		
services/multimedia/speech/src/process/plc/lpc_plc.c	2	BES		
services/multimedia/speech/src/process/plc/lpc_plc_api.c	2	BES		
services/multimedia/speech/src/process/plc/plc_16000.c	2	BES		
services/multimedia/speech/src/process/plc/plc_8000.c	2	BES		
services/multimedia/speech/src/process/plc/table.c	2	BES		
services/multimedia/speech/src/process/recognition/dtw.c	2	BES		
services/multimedia/speech/src/process/recognition/mfcc.c	2	BES		
services/multimedia/speech/src/process/recognition/recognition.c	2	BES		
services/multimedia/speech/src/process/recognition/vad.c	2	BES		
services/multimedia/speech/src/process/resample/resample.c	2	BES		
services/multimedia/speech/src/process/sensormic_denoise/sensormic_denoise.c	2	BES	10	
services/multimedia/speech/src/process/spectrum/spectrum.c	2	BES		
services/multimedia/speech/src/process/spectrum/spectrum_fix.c	2	BES		
services/multimedia/speech/src/process/spectrum/window_generator.c	2	BES	1	yes
services/multimedia/speech/src/process/speech_2mic_ns2_denoise/speech_2mic_ns2_denoise.c	2	BES	13	yes
services/multimedia/speech/src/process/speech_2mic_ns2_denoise/speech_2mic_ns2_denoise_float.c	2	BES	10	yes
services/multimedia/speech/src/process/speech_3mic_ns/speech_3mic_ns.c	2	BES	12	yes
services/multimedia/speech/src/process/speech_aec/speech_aec.c	2	BES	7	
services/multimedia/speech/src/process/speech_dc_filter/speech_dc_filter.c	2	BES		
services/multimedia/speech/src/process/speech_eq/iirfilt.c	2	BES	13	
services/multimedia/speech/src/process/speech_eq/iirfilt_design.c	2	BES	12	
services/multimedia/speech/src/process/speech_eq/speech_arm_eq.c	2	BES	10	
services/multimedia/speech/src/process/speech_eq/speech_eq.c	2	BES		
services/multimedia/speech/src/process/speech_ff_2mic_ns2/speech_ff_2mic_ns2.c	2	BES	6	yes
services/multimedia/speech/src/process/speech_ff_3mic_ns1/speech_ff_3mic_ns1.c	2	BES	5	yes
services/multimedia/speech/src/process/speech_fir_calibration/fftfilt.c	2	BES		
services/multimedia/speech/src/process/speech_fir_calibration/speech_fir_calibration.c	2	BES	4	
services/multimedia/speech/src/process/speech_fir_calibration/speech_hwfir_calibration.c	2	BES	4	yes
services/multimedia/speech/src/process/speech_gain/speech_gain.c	2	BES	6	
services/multimedia/speech/src/process/speech_iir/speech_arm_biquad_cascade_df1_f32.c	2	BES	1	yes
services/multimedia/speech/src/process/speech_iir/speech_arm_biquad_cascade_df1_init_f32.c	2	BES	1	yes
services/multimedia/speech/src/process/speech_iir/speech_iir.c	2	BES	7	
services/multimedia/speech/src/process/speech_iir_calibration/speech_iir_calibration.c	2	BES	3	
services/multimedia/speech/src/process/speech_mics_calibration/speech_mics_calibration.c	2	BES	16	yes
services/multimedia/speech/src/process/speech_noise_gate/speech_noise_gate.c	2	BES	4	
services/multimedia/speech/src/process/speech_ns/speech_ns.c	2	BES	6	
services/multimedia/speech/src/process/speech_peak_detector/speech_peak_detector.c	2	BES	5	
services/multimedia/speech/src/process/speech_process_lib/common_audio/signal_processing/copy_set_operations.c	2	BES		
services/multimedia/speech/src/process/speech_process_lib/common_audio/signal_processing/cross_correlation.c	2	BES		
services/multimedia/speech/src/process/speech_process_lib/common_audio/signal_processing/division_operations.c	2	BES		
services/multimedia/speech/src/process/speech_process_lib/common_audio/signal_processing/downsample_fast.c	2	BES		
services/multimedia/speech/src/process/speech_process_lib/common_audio/signal_processing/energy.c	2	BES		
services/multimedia/speech/src/process/speech_process_lib/common_audio/signal_processing/get_scaling_square.c	2	BES		
services/multimedia/speech/src/process/speech_process_lib/common_audio/signal_processing/min_max_operations.c	2	BES		
services/multimedia/speech/src/process/speech_process_lib/common_audio/signal_processing/real_fft.c	2	BES	4	yes
services/multimedia/speech/src/process/speech_process_lib/common_audio/signal_processing/resample_48khz.c	2	BES		
services/multimedia/speech/src/process/speech_process_lib/common_audio/signal_processing/resample_by_2.c	2	BES		
services/multimedia/speech/src/process/speech_process_lib/common_audio/signal_processing/resample_by_2_internal.c	2	BES		
services/multimedia/speech/src/process/speech_process_lib/common_audio/signal_processing/resample_fractional.c	2	BES		
services/multimedia/speech/src/process/speech_process_lib/common_audio/signal_processing/spl_init.c	2	BES		
services/multimedia/speech/src/process/speech_process_lib/common_audio/signal_processing/spl_inl.c	2	BES		
services/multimedia/speech/src/process/speech_process_lib/common_audio/signal_processing/spl_sqrt.c	2	BES		
services/multimedia/speech/src/process/speech_process_lib/common_audio/signal_processing/spl_sqrt_floor.c	2	BES		
services/multimedia/speech/src/process/speech_process_lib/common_audio/signal_processing/vector_scaling_operations.c	2	BES		
services/multimedia/speech/src/process/speech_process_lib/modules/audio_processing/agc/legacy/digital_agc.c	2	BES		
services/multimedia/speech/src/process/speech_process_lib/modules/audio_processing/ns/noise_suppression.c	2	BES		
services/multimedia/speech/src/process/speech_process_lib/modules/audio_processing/ns/noise_suppression_x.c	2	BES		
services/multimedia/speech/src/process/speech_process_lib/modules/audio_processing/ns/ns_core.c	2	BES		
services/multimedia/speech/src/process/speech_process_lib/modules/audio_processing/ns/nsx_core.c	2	BES		
services/multimedia/speech/src/process/speech_process_lib/modules/audio_processing/ns/nsx_core_c.c	2	BES		
services/multimedia/speech/src/process/triple_mic_denoise3/triple_mic_denoise3.c	2	BES	5	yes
services/multimedia/speech/src/process/vad/vad_core.c	2	BES		
services/multimedia/speech/src/process/vad/vad_filterbank.c	2	BES		
services/multimedia/speech/src/process/vad/vad_gmm.c	2	BES		
services/multimedia/speech/src/process/vad/vad_sp.c	2	BES		
services/multimedia/speech/src/process/vad/webrtc_vad.c	2	BES		
services/multimedia/speech/src/process/wind_detection_2mic/wind_detection_2mic.c	2	BES	17	yes
services/multimedia/speech/src/process/wnr/wnr.c	2	BES		
thirdparty/audio_codec_lib/ldac/src/bitalloc_sub_ldac.c	1	third-party		
thirdparty/audio_codec_lib/ldac/src/decode_ldac.c	1	third-party		
thirdparty/audio_codec_lib/ldac/src/dequant_ldac.c	1	third-party		
thirdparty/audio_codec_lib/ldac/src/imdct_ldac.c	1	third-party		
thirdparty/audio_codec_lib/ldac/src/ldacBT.c	1	third-party		
thirdparty/audio_codec_lib/ldac/src/ldacBT_api.c	1	third-party		
thirdparty/audio_codec_lib/ldac/src/ldacBT_internal.c	1	third-party		
thirdparty/audio_codec_lib/ldac/src/ldaclib.c	1	third-party		
thirdparty/audio_codec_lib/ldac/src/ldaclib_api.c	1	third-party		
thirdparty/audio_codec_lib/ldac/src/memory_ldac.c	1	third-party		
thirdparty/audio_codec_lib/ldac/src/setpcm_ldac.c	1	third-party		
thirdparty/audio_codec_lib/ldac/src/tables_ldac.c	1	third-party		
thirdparty/audio_codec_lib/ldac/src/tables_sigproc_ldac.c	1	third-party		
thirdparty/audio_codec_lib/ldac/src/unpack_ldac.c	1	third-party		
thirdparty/audio_codec_lib/liblhdc-dec/dec_src/Arc.c	2	third-party		
thirdparty/audio_codec_lib/liblhdc-dec/dec_src/DecodeUps2xLPF.c	3	third-party		
thirdparty/audio_codec_lib/liblhdc-dec/dec_src/cirbuf.c	3	third-party		
thirdparty/audio_codec_lib/liblhdc-dec/dec_src/dec.c	3	third-party		
thirdparty/audio_codec_lib/liblhdc-dec/dec_src/encdec.c	3	third-party		
thirdparty/audio_codec_lib/liblhdc-dec/dec_src/fast_upsampling_2x.c	3	third-party		
thirdparty/audio_codec_lib/liblhdc-dec/dec_src/lic_check.c	3	third-party		
thirdparty/audio_codec_lib/liblhdc-dec/dec_src/licdecrypt.c	3	third-party		
thirdparty/audio_codec_lib/liblhdc-dec/dec_src/lzh_dec.c	3	third-party		
thirdparty/audio_codec_lib/liblhdc-dec/lhdcUtil.c	3	third-party		
utils/encrypt/_sha256.c	1	BES		
utils/encrypt/aes.c	1	BES		
utils/encrypt/uECC.c	1	BES		
utils/intersyshci/intersyshci.c	1	BES		
utils/intersyshci/trans_adapt_v2.c	1	BES		
